{   
   "lusi granulites" : {
      "group1": {"x1": 1.40275e6, "y1": 695468.0, "x2": 1.41326e6, "y2": 683390.0},
      "group2": {"x1": 1.42640e6, "y1": 678194.0, "x2": 1.44305e6, "y2": 669680.0},
      "group3": {"x1": 1.44305e6, "y1": 669680.0, "x2": 1.47634e6, "y2": 649294.0}
   }
}
